user_id,name,email,password_hash,created_at
U0001,Autumn Garner,uwallace@jackson.net,$2b$12$zbtpy92SXnMxuhqCXzCRbuV6xk0eMa8Puf0oWUqN2gv0Fd8n9EdJ.,2024-02-06
U0002,Alex Nelson,zdelgado@white-thompson.org,$2b$12$RzEPecKvSmzjYSQUFnbHr.EdBghil6rrJikCk6by8eyJyO2oUnw6y,2024-03-14
U0003,Betty Bishop,srobinson@dixon-thompson.info,$2b$12$0hC.By9zqQ3K64iSO3jpre1Ls2wY7vf09uOTQfbzKp2dGRkLNX8cW,2025-01-03
U0004,John Brown,halldavid@yahoo.com,$2b$12$VVr.niASUMgQCBMzSQjcNejW/RcdgkNFWqY09gjvBBz/6TkQzslo2,2024-05-06
U0005,Mary Daniel,paullara@hodge.com,$2b$12$mZ4TIvXt5GMYXF5imJW9zuHXk2F1BMuWtA.XD79/G6J0YS1JsVR8S,2024-01-17
U0006,Joanne Ramirez,aguilardanny@gmail.com,$2b$12$zvj4qWY.I4xptcaJh8cad.8JKVxATUH4aYs0SGz/w/uTISSRuL0JK,2024-06-21
U0007,Linda White,keithsteven@yahoo.com,$2b$12$z4HRJlZYEHaOxgDamSp66uchs3jWTYE0peMmwLix38fv0NzJ1KYbK,2025-06-03
U0008,Aaron Webster,erik42@taylor.com,$2b$12$UuBwIfMvVDph.pVx09DYOehlVWkpGrWmXh8eaGzDLXUOkCUDI1NCm,2024-02-11
U0009,Kevin Wood,qgreen@yahoo.com,$2b$12$v6Z2hN62qB/XbVwpuP5JG.jyovwOWLL4JTU1Brcuv6pNq5/MVJf6y,2025-01-18
U0010,Luis Smith,ncooper@hotmail.com,$2b$12$o4VysmB8l.h2Pte268lKIOY7W1bTBz6BK86xDBOyVfTlTO9aTOxG2,2024-06-30
U0011,Caitlyn Bird,zacharylewis@price-ward.com,$2b$12$Doxo576jEc4lnBABOF9gHuA45Shb5iG51gbT.L/U1G301tIAMMuqq,2024-04-09
U0012,David Hawkins,clarklaura@yahoo.com,$2b$12$Lki6zEJy.GgqU5IAHDVlb.Ts/SMzK6/8wA8lLHFhsuTTfvw8A/FfK,2024-12-07
U0013,Emily Mcgee,alexaayala@reese-carey.com,$2b$12$SIWcrrpEawESh.8AEHxAMOdSyznvTqgRWjRxziQ1DdiF6A8gsiAOq,2024-03-06
U0014,Christopher Cochran,tinacontreras@yahoo.com,$2b$12$dUTEmgk8aWZi9teAwwT2Q.UVFtn32d2ppdptRcUSqg2R1WegET2nu,2025-05-18
U0015,Ethan Shelton,stevensonalyssa@meadows.com,$2b$12$DGgMCcKfuDd/2srZsW9mZOSO.N2Yv5.wbY.EzpjrJMe2RuQ87WMdG,2024-05-07
U0016,Mrs. Amy Wilkins,larsenandrew@hotmail.com,$2b$12$C2s9wEUXeNs81VUoZxLnh.1Rq3k5B5MBjRaQDr9Q8HAJIo2O3Hq6G,2024-02-19
U0017,John Hernandez,llawrence@vance-villarreal.net,$2b$12$pW1YwP8i0kn.lOIKzujk.eRIEigkzfvln7fRDV6LxIqB5jGcuyBqi,2025-05-30
U0018,Christina Clements,bryan16@yahoo.com,$2b$12$Lv1Z9MERZ.5UEFV2iX7bouDFbHhOsBoXF478OXwJizfb3a92kzJWq,2025-07-22
U0019,Erin Villegas,emily54@nelson-manning.com,$2b$12$KBsNBvjV9LppZQMtHuO2KuaEGyimhCloAx4.pwc9hfe5xkzwS4bSC,2025-07-09
U0020,Daniel Ellis,hernandezjames@gmail.com,$2b$12$O41TY04Y6IhdAZh3rgTIkebXDCeSom4bUSjy.oqvyjVNGFigpOuNC,2025-09-13
U0021,Katrina Brown,valerieshelton@jensen.net,$2b$12$5K7tIsDyx5zBS7yqvj.wZeoxRps6Kqx3odGLMet.qMp2./xUUNeW.,2024-07-09
U0022,Robert Rivera,ashleyjohns@reyes-moore.com,$2b$12$5cBBqUUu/ImxfbB.Wq6P3.BpL40IWz2BOL43Nu5/XI8xceLzmWWOy,2025-06-04
U0023,Elizabeth Sullivan,jerry25@porter.biz,$2b$12$KFx7CGbaLQcNgK8gUIJO7.EUdT80a13BoWP82Rf6xP.LdFGFzhlGC,2025-07-14
U0024,Leon Lynch,michaelreese@mcclure.com,$2b$12$BWLXyxRmEoi1k6FgsYPhruP05Z3.EPJcoWGIZY/7UYOhrEX8QcHBW,2024-12-12
U0025,Teresa Davis,csmith@mclean.com,$2b$12$Anb2cNrsLUjBdCqs55cSpO4qPheP6CYlhKXmbEZyB7Ez54i50SCUa,2024-05-21
U0026,Anthony Jones,jasonharris@rodriguez-summers.com,$2b$12$IKqqbv9z.wvxZc1D.xOk.efzB2L7pViPezBhqkAhVlYnSGHLY9NHm,2024-06-10
U0027,Joshua Scott,alewis@wise.biz,$2b$12$j6dvYDs9Dg/Pkl.HrFMWZeWzUdBnCHwrCDo7Q2XJYMNfE0BkbxY6e,2024-12-20
U0028,Tracy Hoffman,jennifermorris@hotmail.com,$2b$12$/MzQ0TwOKMDux79/NmGXB.aOKxIjRgA43s3baTUABWMzcahebIARi,2025-03-29
U0029,Rebecca Kemp,dukedavid@yahoo.com,$2b$12$z8RB8fJcC8EZwuK25dSBNu1HoTtHI7Bh7L78Wqh7R./I.V9AebBSW,2025-04-02
U0030,Chad Thomas,kristinaolsen@gentry.com,$2b$12$nClWYcSSU0jrtJsDx3n6ougRA478r9xZfpgTsUnM.vg316vj3D00W,2025-11-25
U0031,Christopher Higgins,smithtimothy@yahoo.com,$2b$12$HzAm3.LNO5dSWuTFuQaJJOgXXBz0JCJAsVlcCo2Ho/ukBYFuZJ.LC,2024-12-29
U0032,Angela Daniel,serranonicholas@hotmail.com,$2b$12$wDGBd5GsQOwSAEGFbNzR3u5/S92MX1UmoPR/anqFEHx6c3G2Ickxq,2024-12-28
U0033,Lance Miller,susanbowers@stone.com,$2b$12$d21YhOnL66hgMaq7kNTp2uKtlflPiPS3r3X3HEURNGlS2Ja7h80Ly,2024-08-22
U0034,Robert Griffith,kjenkins@gmail.com,$2b$12$crNeTa2.j68oi43ohnSKR.CdQlnO.0muPUlPS5ho23JRPD0VI/v4W,2024-08-02
U0035,Sheila Stafford,christinafaulkner@hotmail.com,$2b$12$EiT1d3OtwCYbT5EUZFk66OmY7yBlHf1FYbIqN3QXLJbI2G56L//fy,2025-07-23
U0036,Darren Soto,gonzalesbrandon@yahoo.com,$2b$12$dtgboCI7FJEFUwszKalNa.sIspYdR5jY2q8a8P/jSONlZ3li1xoyW,2025-09-01
U0037,Amanda Thompson,cpeck@thomas.com,$2b$12$ynrzwtoAa8gpjMVMYCJGeOvyCBvh/Zsz9Y9ru1/whn9JPBP6cM22.,2025-03-12
U0038,Felicia Gregory,lorrainechristian@hotmail.com,$2b$12$YqOxTV.0th6l5dC5/AEad.GZsSL444oHuNBgiKvZPPUaxyhhr7tPa,2023-12-08
U0039,Shelby Gordon,jjohnson@yahoo.com,$2b$12$ulVUGIwB9h0O88ixiVjkaeBTH4/lxEqkHr5kJcP.3oribl6CLehLi,2025-10-20
U0040,Kathryn Carroll,kimandrew@anderson.com,$2b$12$.9wLaF7pU52dmu0aaML6DeDW23YlE66FsdvCR6NM82yGok0tAW1qS,2024-08-08
U0041,Willie Hickman,qgriffith@gmail.com,$2b$12$6wQ4mQ3UH3BkzzkJDqE/wO2NdIKvEw/q/hc5hAqHsHi9PerSPkKGC,2024-12-29
U0042,Jason Chambers,christopher54@watkins.com,$2b$12$JtHW/z/DMg3ox6TBDoPlfuI2fcrmCw2vo47JF06POUA8WJoMzttkG,2024-09-29
U0043,Carlos Martin,wprice@yahoo.com,$2b$12$YwW41WWrl1wE6WAxXRYclOmP/Sr7HS00Kor32QEsZMqa1fLrI2YcG,2025-07-30
U0044,Amy Johnson,katherinebarnes@mcdonald.info,$2b$12$GpAM7XJ8vJnovwl4Ep6FDur9ApGTQK8PkuoAHW7OmxI/K.JVDBVIe,2024-02-02
U0045,Bradley Cherry,christophermiller@yahoo.com,$2b$12$Ae1fdAUv5PHf5glq7Pwa6O0JRTaQLv20yHh0QMGE7cBD1u/yJMR1W,2025-02-03
U0046,Yvonne Parks,gregoryhernandez@hotmail.com,$2b$12$S8h/GPo6wLQKf0mybNdu0OYZpTN7SERtLLYPxRFnlMPCAivPiamPi,2025-04-29
U0047,Kevin Gilbert,greeneadam@miller.org,$2b$12$R.56thjdQa4nU511r.TSOOM0COtV./2.tYTV.di219Lhykkwo4ro2,2025-08-07
U0048,Alicia Carpenter,jessica72@johnson-ortiz.com,$2b$12$6aAuiqtrInH8AVOiixit7OvnjX19w3GZBZ.eAgfP5BcGg1HSpGDLy,2024-01-12
U0049,Tanner Ramirez,thomassmith@pacheco.biz,$2b$12$enZAO4crcaO8j7Il4CfQ0eL9xT7plk.ZhDZTVrrUYQvCFR40sEfw.,2025-07-01
U0050,Bryce Roberts,vstein@richards.com,$2b$12$.qDY7zq8xHYX1POFTAcere3YgSGZERjMz2hXSgL5JtDLSCU0QPVYC,2024-04-23
U0051,Lisa Phelps,hodgejennifer@gmail.com,$2b$12$gePMY326Bjxw.gW/mHCvbeM43H7gLNqRTZ3GYAUy5x74oWVUjrkRu,2024-10-16
U0052,Shawna Pope,lopezfrancisco@harris.biz,$2b$12$KbvQlWmLdfeLNis.hGhBeOMPtk9SO0K4lUcG2T2SAkDqBzy9ZVFjG,2025-04-05
U0053,Cynthia Warren,william46@hotmail.com,$2b$12$DWU/UI2r1HnpRhLItLty0ekIeI2/0kxg1hp3Q0XUe0gXGQCGoUxO6,2024-11-13
U0054,Jack Howell,ashleysherman@salazar.com,$2b$12$sPyAofAIBI0CnzOr2BaW4OXsGCQslui5sMP1MTI4.f8w3nTRDRaNm,2025-09-15
U0055,Tara Gilbert,jenniferknight@reid-kelley.com,$2b$12$V8OjFjt41FdLgK1t6C.Vkuo3IajxI0iBriO87g2iGz/gNiZAeZvxK,2025-04-06
U0056,Diana Randolph,theresajohnson@yahoo.com,$2b$12$NvD.TBUI/bZOSq/gLyNvxOcuHQEC.yt2O7EwoKqaJgVGF2c77WgMu,2024-06-13
U0057,Mia Osborne,ericagomez@yahoo.com,$2b$12$xzj6LgPjlaNL3AttUKCv7efefqyc3kd2hO81fElOQ7Gh9HwBTRROy,2024-11-18
U0058,Nathaniel Brooks,dalvarado@george-hall.com,$2b$12$pV1kvkXmoc4AxsAxstXqmO2aXgYQ0LM2tPIj7WYSaiTwSA74l5rtG,2025-03-22
U0059,Joseph Vazquez,timothymartin@lambert-harris.info,$2b$12$qNt9w.srmEoVEZhVwCYTyuiXqfprZYg5U3Qbu9qFmelVV8K5aakUa,2025-01-17
U0060,Christopher Parsons,tamara05@yahoo.com,$2b$12$jgxcVBPJokj19QyCvhuyOu9Bm2KVEXFpFOTko3lwsEl0OP6mrxiSu,2024-09-01
U0061,Kathy Robinson,tracy77@hotmail.com,$2b$12$nlweJzuMYwWWeWSFJyuleuTTfZPIKI/Vrt0JRZQVE.YlIH1xdU.m.,2024-03-24
U0062,Mark Davis,ashleyfigueroa@gonzales.info,$2b$12$RcU1aEyxchY87eKtW.gwmeFQ310QYjhiyqCj3ekk/ieYubAlb.cfa,2024-05-17
U0063,Michael Shepherd,tinasmith@garcia.com,$2b$12$RoVHkH2o1/MZpldR4QgrFeIZyqJpHdmzW6sl2GMS77iQeal1j5b3q,2024-02-16
U0064,Timothy Taylor,ymendez@gmail.com,$2b$12$ovf6S/A4pB0.cf7YGPh3z.w5tnth9voUQyTMA00HI/WOwa7lwZU.a,2024-05-12
U0065,Ashley Schaefer,pkrause@porter-hayden.org,$2b$12$jX0PYGBC7Wg6plBC6GSQf.3G6Zw3CqBcZoFyPkj8xThRhoFsrgb52,2024-07-15
U0066,Theresa Smith,rileynancy@taylor.com,$2b$12$ntG92yfdo34797b1/A8rXebkJCqfw/aD1mnUd0BYiOO3A8PAMqf0y,2024-04-09
U0067,Andre Valentine,fbutler@johnson.com,$2b$12$xciz5vnSDnUxRCi6BXvIIOvIEKkP0.ldIQaqNsrbxlRz/snrDiz4a,2025-07-24
U0068,Thomas Velazquez,lnewman@rodriguez.com,$2b$12$sD9UA6LgCt4.0nBHlaLUeepIHY3wWGZDYRUbjUeJJUnLJVdw.0a1C,2025-08-29
U0069,Judith Bond,ugarcia@hotmail.com,$2b$12$FZjv/5MI9HQqrh/Dh1h.yuKGfpCWrCwQHBhqK7fq5Sx./tbNnA3iW,2025-09-22
U0070,Gary Henson,carlos92@hotmail.com,$2b$12$WMH0dcyGNen4rgUSai55a.sjsklctPC.a.ecovEcFALsD6vDkZQGC,2025-01-05
U0071,Brett Mitchell,smithlauren@escobar.info,$2b$12$hAtt34v0WDGswuqXMbSvkOiFoHJOjsgW5pUlM/guwVoFKYLEhQU/e,2024-12-10
U0072,April Steele,cynthiacarr@brown.com,$2b$12$QKHV0wdwuE/FvyfVWo0Nb.YMv11S/IJYHir3dFdwmJC0lLjaME62G,2024-09-09
U0073,Mariah Cook,wendywilliams@jones-acosta.com,$2b$12$Q9nJG7AavqRHdNKjACbj2uM1X8h5uj4hco7U2kcuBGlosba8zL/bm,2025-06-19
U0074,Brian Petersen,lloydjennifer@yahoo.com,$2b$12$ULXkrOcY3Ffg08GhOvbEVenOICWSqLkgPKXUBTl.T8iDlCHOJDvo6,2024-07-07
U0075,Chelsea Young,jonathan14@hotmail.com,$2b$12$tMPUvwnr2IHZjZ02CTCMg.YING6YFaGsEl3yayrOpgSe6hAZmRNyq,2025-02-08
U0076,Megan Wilkerson,jeffrey94@nolan-johnson.com,$2b$12$aRgsKb/E15yETa.TtMgqVe4pwQfwxdUigQ73ZfJPwElCMdpq6y1x2,2025-10-15
U0077,David Ramos,pagedebra@yahoo.com,$2b$12$OwQA0KBxieRyCVvIi/GXMuDR5OBdOUS8o1bi9oFmyBl1H.oPCB73m,2024-02-08
U0078,Brandon Mitchell,fcampbell@jimenez.biz,$2b$12$R5PlnxsbMcsOBefk7Mwoke6n5cIKDkyE/gUN5MDPIkG0.52GWiFAG,2025-10-17
U0079,Mark Kelly,aholloway@lewis.com,$2b$12$l3apQe69XOi7PMv68D2mT.FHvAKTAHtsWXMKTuVv0aPV5fQSl6x6y,2024-11-06
U0080,Linda Byrd,ayoung@smith.info,$2b$12$HKrnexoejBWWnkl5CoY.B.UL8L8SpdopRLmn.5emhWtLoh5hBJHHC,2025-10-07
U0081,Shannon Potter,thorntonandrew@avila.com,$2b$12$FamYE7j/qIPclA5v9zZUheahFcfmlhYU93gyGd8zwgwqy9GtCGppW,2025-02-10
U0082,Jennifer White,ybenson@yahoo.com,$2b$12$QTTrIwRhT8mr9l8uYbhCHuuQ7J.AkL2fIOSSO8iPvacqm9oTqKIFi,2025-07-23
U0083,James Diaz,samanthahogan@yahoo.com,$2b$12$wixXuunUXWosA2YZmNOlDOhkwLhMhuPj0Q3QmXaqV1RaaCbkMgv.O,2024-02-10
U0084,Sarah Clark,vegaheather@gmail.com,$2b$12$xP7.s.sgT1yn8blwlm8MLO.cpfCi5Ley5HeMZp4hm9B6WgkIWQ0hi,2025-07-14
U0085,Alyssa Brown,larry48@robinson-martin.com,$2b$12$vr.w2QAEB2P7VY0wTh2UPOENZr90XMgTL3t6jtXjlGdka6BTb9FrW,2024-09-03
U0086,Michelle Rivera,pparker@gmail.com,$2b$12$aZwoUdwJLHcBijdQ2exCs.N4rtw72eCs0yi/Db.r25s4ksKmr1j5K,2025-09-04
U0087,Kimberly Carroll,sawyerkathleen@yahoo.com,$2b$12$76ic8dTmKzskRA2xxFnJpOovRD.e1czOQpfxz5Dzh2DKES0bssxnW,2024-04-20
U0088,Paul Morgan,kennedyjonathan@hotmail.com,$2b$12$FptfctsBFIDVQ0dA7X/fG.0gOo4Ki6dET5StMNBVQkcyVx8iW1h/m,2024-11-08
U0089,Brittany Chung,kennethrobertson@gomez.biz,$2b$12$lpb9GreQ0ZCpWLJdL5hjE.Z.vv1zRVL4EmvMOcZQvk/nJJw9JWcsa,2025-01-11
U0090,Ryan Marsh,tuckerlaura@hotmail.com,$2b$12$vvKp1cvlM333nPRcfUbhUOxDzWgcUWXHdWyKDFOOmdDXRi/DzlkMW,2025-01-12
U0091,Nicholas Lozano,jameshutchinson@davis.com,$2b$12$qdXGzxNx537A/ow4Q/fgveGLi4mlMDsBqWkULLwfXF4IopumbFTtu,2024-10-30
U0092,James Morris,mary39@mata-boyle.info,$2b$12$Mh2sA91lBzZ3fqXRnrnUBOLj.6E4dk7yKSiyb9gZa.lnN5wdc5UJK,2024-06-20
U0093,Terri Williams,swright@lee.com,$2b$12$mDmRko0oPZp6PAFv5bykVeJE5jS.7IGTbRt1ZkKcoyj/dSsTl/wd6,2025-04-10
U0094,Maureen Evans,christinaortiz@long-mccoy.info,$2b$12$E7Wl84k.mWZWWUM3gMvQx.GB4S5.DJnyZLeMCxwv52nKvLNXg5MVi,2025-08-28
U0095,Marissa Rowe,cathyknight@hotmail.com,$2b$12$g0OWoc9HmuhlDh09JAltcumQB.lldRTBXsMwfWCqvVPW1hQ834Jni,2025-11-10
U0096,Erin Mitchell,murphyjoshua@gmail.com,$2b$12$5MNujfJzG2NoEA3qk4inxOIN54CKgxNYaDJNhecg9NzLaQ4NRoo0.,2024-09-28
U0097,Daniel Jensen,ekelly@gmail.com,$2b$12$2ne0pzevgTNqaKRpnYIQqu5H3me1WqRnlSnDmRn3FPaM8/wWOXeeG,2024-02-16
U0098,Sandra Gutierrez,mitchell01@walls.com,$2b$12$zttMwDA/iSxOFWunBG3sjOCYq3AkcLZ5g3hGYemqRYp8.rlGl/MNm,2024-12-10
U0099,Lindsey Khan,murrayjared@yahoo.com,$2b$12$E4iiQjMzlq77MqGjHTXaiutnaRZhGHFxiJQY9mR7U9rRjFzM5Mrze,2025-01-30
U0100,Christina Davis,panderson@robbins.com,$2b$12$Je81kV8s3wWR.z0iJqF4GOOLpA6IwsgZpb783GfOw/WaR5afEU5Am,2024-03-25
